agent,setting,swm_agent_latent_dim,swm_agent_reward,swm_epochs,swm_hidden,swm_layers,swm_loss,swm_params,wm_epochs,wm_gaussians,wm_hidden,wm_spatial_latent_dim,wm_temporal_latent_dim
ppo,random,10.0,34.803735110000005,1.0,10.0,1.0,0.8090447804711082,2110.0,1.0,3.0,10.0,5.0,10.0
ppo,random,10.0,50.75388428,1.0,10.0,1.0,0.8121915243707521,2110.0,1.0,3.0,10.0,5.0,10.0
ppo,random,10.0,38.7029736,1.0,10.0,1.0,0.8117862303762725,2110.0,1.0,3.0,10.0,5.0,10.0
ppo,random,10.0,35.84094631,1.0,10.0,1.0,0.8128139064095237,2110.0,1.0,3.0,10.0,5.0,10.0
