agent,setting,swm_agent_latent_dim,swm_agent_reward,swm_epochs,swm_hidden,swm_layers,swm_loss,swm_params,wm_epochs,wm_gaussians,wm_hidden,wm_layers,wm_spatial_latent_dim,wm_temporal_latent_dim
ppo,expert,5.0,16.69526615,1.0,15.0,1.0,0.003260837545270345,2090.0,1.0,3.0,10.0,1.0,5.0,10.0
ppo,expert,5.0,9.625553040000002,1.0,15.0,1.0,0.0025177800855458233,2090.0,1.0,3.0,10.0,1.0,5.0,10.0
ppo,expert,5.0,6.975439399999999,1.0,15.0,1.0,0.002210506430775341,2090.0,1.0,3.0,10.0,1.0,5.0,10.0
ppo,expert,5.0,1.8306891599999997,1.0,15.0,1.0,0.002609811547485114,2090.0,1.0,3.0,10.0,1.0,5.0,10.0
ppo,expert,5.0,9.69748845,1.0,15.0,1.0,0.002231474865322011,2090.0,1.0,3.0,10.0,1.0,5.0,10.0
ppo,expert,5.0,6.82704723,1.0,15.0,1.0,0.0028527373990956508,2090.0,1.0,3.0,10.0,1.0,5.0,10.0
