agent,mdrnn_loss,mdrnn_params,setting,swm_agent_latent_dim,swm_agent_reward,swm_epochs,swm_hidden,swm_layers,swm_loss,swm_params,vae_loss,vae_params,wm_agent_reward,wm_epochs,wm_gaussians,wm_hidden,wm_layers,wm_spatial_latent_dim,wm_temporal_latent_dim
ppo,1.2145577178281897,1654.0,random,5.0,40.009069159999996,1.0,10.0,1.0,0.002716000547872461,1150.0,10.546494386291505,610.0,34.49855585,1.0,3.0,10.0,1.0,5.0,10.0
ppo,1.0921376031987808,1654.0,random,5.0,27.19830241,1.0,10.0,1.0,0.0021081212706384107,1150.0,9.886758083343507,610.0,27.893384310000002,1.0,3.0,10.0,1.0,5.0,10.0
ppo,1.088719147794387,1654.0,random,5.0,33.51273524,1.0,10.0,1.0,0.003474630512734593,1150.0,9.711672435760498,610.0,30.245959439999993,1.0,3.0,10.0,1.0,5.0,10.0
ppo,1.230005059522741,1654.0,random,5.0,47.38695871,1.0,10.0,1.0,0.002134727232506254,1150.0,13.18994016418457,610.0,29.573668789999996,1.0,3.0,10.0,1.0,5.0,10.0
ppo,1.1336582674699671,1654.0,random,5.0,51.70254962,1.0,10.0,1.0,0.002058874799512477,1150.0,9.991578527832031,610.0,37.144925949999994,1.0,3.0,10.0,1.0,5.0,10.0
