agent,mdrnn_loss,mdrnn_params,setting,swm_agent_latent_dim,swm_agent_reward,swm_epochs,swm_hidden,swm_layers,swm_loss,swm_params,vae_loss,vae_params,wm_agent_reward,wm_epochs,wm_gaussians,wm_hidden,wm_spatial_latent_dim,wm_temporal_latent_dim
ppo,1.1821698001786773,1654.0,random,5.0,45.20455461,1.0,10.0,1.0,0.8111113731114551,1590.0,,780.0,24.252564599999996,1.0,3.0,10.0,5.0,10.0
ppo,1.163368091396257,1654.0,random,5.0,62.05160199,1.0,10.0,1.0,0.8120521963292903,1590.0,,780.0,32.05585567000001,1.0,3.0,10.0,5.0,10.0
ppo,1.2269731091518028,1654.0,random,5.0,48.02967663000001,1.0,10.0,1.0,0.8183582845938326,1590.0,,780.0,30.60481393,1.0,3.0,10.0,5.0,10.0
ppo,1.1716132855882833,1654.0,random,5.0,39.48070369,1.0,10.0,1.0,0.8197639303689052,1590.0,,780.0,25.079417279999994,1.0,3.0,10.0,5.0,10.0
ppo,1.156491372164558,1654.0,random,5.0,48.96590551,1.0,10.0,1.0,0.8195473532724862,1590.0,,780.0,37.03572695,1.0,3.0,10.0,5.0,10.0
