agent,mdrnn_loss,mdrnn_params,setting,swm_agent_latent_dim,swm_agent_reward,swm_epochs,swm_hidden,swm_layers,swm_loss,swm_params,vae_loss,vae_params,wm_agent_reward,wm_epochs,wm_gaussians,wm_hidden,wm_spatial_latent_dim,wm_temporal_latent_dim
ppo,1.1619039554221957,1654.0,spurious,5.0,57.926475860000004,1.0,10.0,1.0,0.829097324525467,1590.0,,780.0,33.72322689999999,1.0,3.0,10.0,5.0,10.0
ppo,1.180667422799503,1654.0,spurious,5.0,48.04031682,1.0,10.0,1.0,0.8255150721675217,1590.0,,780.0,23.73281858,1.0,3.0,10.0,5.0,10.0
ppo,1.1856929105870864,1654.0,spurious,5.0,51.72671174999999,1.0,10.0,1.0,0.8240230404054276,1590.0,,780.0,32.28483385,1.0,3.0,10.0,5.0,10.0
ppo,1.2061074397143197,1654.0,spurious,5.0,39.38310887,1.0,10.0,1.0,0.824670045053116,1590.0,,780.0,22.26560845,1.0,3.0,10.0,5.0,10.0
ppo,1.2586468986436432,1654.0,spurious,5.0,47.62875873,1.0,10.0,1.0,0.8311341607642896,1590.0,,780.0,29.611707499999998,1.0,3.0,10.0,5.0,10.0
ppo,1.1941109769484577,1654.0,spurious,5.0,56.18393076999999,1.0,10.0,1.0,0.8215677992695509,1590.0,,780.0,29.79706241,1.0,3.0,10.0,5.0,10.0
ppo,1.214426545535817,1654.0,spurious,5.0,56.88164175000001,1.0,10.0,1.0,0.8233034787707859,1590.0,,780.0,41.14454659000001,1.0,3.0,10.0,5.0,10.0
