WM Loss_t0,WM Loss_t1,WM Loss_t2,WM Loss_t3,WM Loss_t4,WM Loss_t5,WM Loss_t6,WM Loss_t7,WM Loss_t8,WM Loss_t9,SWM Loss_t0,SWM Loss_t1,SWM Loss_t2,SWM Loss_t3,SWM Loss_t4,SWM Loss_t5,SWM Loss_t6,SWM Loss_t7,SWM Loss_t8,SWM Loss_t9
0.2958972749816047,0.3009706202136146,0.3082354810025957,0.31348368322054543,0.31949810433917575,0.32531184832784865,0.32908494731055365,0.33714997945891484,0.3420085025522444,0.6447861200332642,0.044315299295716815,0.0464624220530192,0.049856259853310055,0.05418975546095106,0.05949590546554989,0.06553249708943897,0.07214524164332284,0.07971584094497892,0.08729494525194167,0.4022903559472826
0.2914555577490065,0.29542854738765295,0.30009234347343444,0.3051936033036974,0.3112110694143507,0.3146533692095015,0.31996869600613914,0.3254691979143355,0.3307483285215166,0.6578445004993014,0.04461409407059352,0.04664414024949074,0.049977406545480094,0.054308404812547895,0.05940748705996408,0.06536883677376641,0.07176223336325752,0.07896021507845985,0.08644278607898288,0.4151523045486874
