WM Loss_t0,WM Loss_t1,WM Loss_t2,WM Loss_t3,WM Loss_t4,WM Loss_t5,WM Loss_t6,WM Loss_t7,WM Loss_t8,WM Loss_t9,SWM Loss_t0,SWM Loss_t1,SWM Loss_t2,SWM Loss_t3,SWM Loss_t4,SWM Loss_t5,SWM Loss_t6,SWM Loss_t7,SWM Loss_t8,SWM Loss_t9
0.18136093960867988,0.16368334660000272,0.14683104470835792,0.13210110432571834,0.12026690460311042,0.11145723209646013,0.10548293624189164,0.10170519329706827,0.10010344885720147,0.10008490959008534,0.07555217276414235,0.152019541393386,0.20613555767801073,0.2562310779677497,0.31230302699936763,0.35657889689339534,0.38464441447787817,0.40215627948972915,0.4161051036198934,0.42742408503426443
0.181217752371894,0.1625748402516047,0.14469731605582767,0.12905845925807952,0.11627611271275415,0.10694584397210015,0.10101590158409543,0.09818186187479232,0.09762089157369401,0.09848919178114997,0.07737127023008135,0.15277554046577876,0.20490635018878514,0.2543433909681108,0.31007576304541695,0.3532914456049601,0.38029911775588987,0.3969006543689304,0.41045578138563366,0.42134827756881715
0.1828207559108734,0.16457795942359502,0.1471188446442286,0.13174729035165575,0.11963337094253963,0.11113480165534549,0.1055900543636746,0.1026423336426417,0.10122151098516252,0.10151820922295253,0.07726072756846745,0.15119712590906356,0.20376648479037815,0.2532079652786255,0.3076819866816203,0.35058769259982636,0.37890753304163616,0.39705601283179387,0.41109841577741835,0.42305504786173503
