WM Loss_t0,WM Loss_t1,WM Loss_t2,WM Loss_t3,WM Loss_t4,WM Loss_t5,WM Loss_t6,WM Loss_t7,WM Loss_t8,WM Loss_t9,SWM Loss_t0,SWM Loss_t1,SWM Loss_t2,SWM Loss_t3,SWM Loss_t4,SWM Loss_t5,SWM Loss_t6,SWM Loss_t7,SWM Loss_t8,SWM Loss_t9
0.3389400192313724,0.3407428208774991,0.3453816130903032,0.3475760610103607,0.35371126956939697,0.35748117202652824,0.3635182299349043,0.3714796555095249,0.3779343091752794,0.384367586072286,0.053155171321498024,0.0830570633729299,0.18439654814402262,0.41154493852191504,0.7154035992940266,1.020671296374003,1.2775048155466715,1.4578673773023818,1.5708040355682373,1.6371078531053331
0.3332680012596978,0.33967184635268316,0.34113716751734413,0.34535910767449274,0.3523678198814392,0.35706823700798884,0.36247992729081047,0.3720557027022044,0.3778485829141405,0.38546298460430567,0.05372295587592655,0.08225647803544998,0.1801778798474206,0.4043906812349955,0.7039404025607638,1.0106746671040854,1.275729834959242,1.460720261171129,1.5748064154730903,1.636260875278049
