WM Loss_t0,WM Loss_t1,WM Loss_t2,WM Loss_t3,WM Loss_t4,WM Loss_t5,WM Loss_t6,WM Loss_t7,WM Loss_t8,WM Loss_t9,SWM Loss_t0,SWM Loss_t1,SWM Loss_t2,SWM Loss_t3,SWM Loss_t4,SWM Loss_t5,SWM Loss_t6,SWM Loss_t7,SWM Loss_t8,SWM Loss_t9
0.29452479969130624,0.30060933035214743,0.3044871796184116,0.31212584014468725,0.3175491986433665,0.32516669837633766,0.33157428568734065,0.3361325887415144,0.34319778136677215,0.3510776797612508,0.044853264231152004,0.04683448389305009,0.04989359768496619,0.0540682936112086,0.05902855639722612,0.06484195340341992,0.0713334478020668,0.07821713113387425,0.08550538393391503,0.09347647830910152
0.2907338790098826,0.29329393507109747,0.2990091868612501,0.3029678020954132,0.30995602895418806,0.31575795381863914,0.32078531771765817,0.32642149910397,0.33228756098747253,0.33858044356769984,0.04433817244569461,0.04622104918426938,0.04925219209591548,0.053401896833048926,0.058341361825995974,0.06431819579336379,0.0708546693444252,0.07769754532443153,0.08496927603615655,0.09249293151961432
